,飞行常客里程数,玩游戏视频所占,每周消费的冰淇淋数,类型
0,40920,8.326976,0.953952,largeDoses
1,14488,7.153469,1.673904,smallDoses
2,26052,1.441871,0.805124,didntLike
3,75136,13.147394,0.428964,didntLike
4,38344,1.669788,0.134296,didntLike
5,72993,10.141740,1.032955,didntLike
6,35948,6.830792,1.213192,largeDoses
7,42666,13.276369,0.543880,largeDoses
8,67497,8.631577,0.749278,didntLike
9,35483,12.273169,1.508053,largeDoses
10,50242,3.723498,0.831917,didntLike
11,63275,8.385879,1.669485,didntLike
12,5569,4.875435,0.728658,smallDoses
13,51052,4.680098,0.625224,didntLike
14,77372,15.299570,0.331351,didntLike
15,43673,1.889461,0.191283,didntLike
16,61364,7.516754,1.269164,didntLike
17,69673,14.239195,0.261333,didntLike
18,15669,0.000000,1.250185,smallDoses
19,28488,10.528555,1.304844,largeDoses
20,6487,3.540265,0.822483,smallDoses
21,37708,2.991551,0.833920,didntLike
22,22620,5.297865,0.638306,smallDoses
23,28782,6.593803,0.187108,largeDoses
24,19739,2.816760,1.686209,smallDoses
25,36788,12.458258,0.649617,largeDoses
26,5741,0.000000,1.656418,smallDoses
27,28567,9.968648,0.731232,largeDoses
28,6808,1.364838,0.640103,smallDoses
29,41611,0.230453,1.151996,didntLike
30,36661,11.865402,0.882810,largeDoses
31,43605,0.120460,1.352013,didntLike
32,15360,8.545204,1.340429,largeDoses
33,63796,5.856649,0.160006,didntLike
34,10743,9.665618,0.778626,smallDoses
35,70808,9.778763,1.084103,didntLike
36,72011,4.932976,0.632026,didntLike
37,5914,2.216246,0.587095,smallDoses
38,14851,14.305636,0.632317,largeDoses
39,33553,12.591889,0.686581,largeDoses
40,44952,3.424649,1.004504,didntLike
41,17934,0.000000,0.147573,smallDoses
42,27738,8.533823,0.205324,largeDoses
43,29290,9.829528,0.238620,largeDoses
44,42330,11.492186,0.263499,largeDoses
45,36429,3.570968,0.832254,didntLike
46,39623,1.771228,0.207612,didntLike
47,32404,3.513921,0.991854,didntLike
48,27268,4.398172,0.975024,didntLike
49,5477,4.276823,1.174874,smallDoses
50,14254,5.946014,1.614244,smallDoses
51,68613,13.798970,0.724375,didntLike
52,41539,10.393591,1.663724,largeDoses
53,7917,3.007577,0.297302,smallDoses
54,21331,1.031938,0.486174,smallDoses
55,8338,4.751212,0.064693,smallDoses
56,5176,3.692269,1.655113,smallDoses
57,18983,10.448091,0.267652,largeDoses
58,68837,10.585786,0.329557,didntLike
59,13438,1.604501,0.069064,smallDoses
60,48849,3.679497,0.961466,didntLike
61,12285,3.795146,0.696694,smallDoses
62,7826,2.531885,1.659173,smallDoses
63,5565,9.733340,0.977746,smallDoses
64,10346,6.093067,1.413798,smallDoses
65,1823,7.712960,1.054927,smallDoses
66,9744,11.470364,0.760461,largeDoses
67,16857,2.886529,0.934416,smallDoses
68,39336,10.054373,1.138351,largeDoses
69,65230,9.972470,0.881876,didntLike
70,2463,2.335785,1.366145,smallDoses
71,27353,11.375155,1.528626,largeDoses
72,16191,0.000000,0.605619,smallDoses
73,12258,4.126787,0.357501,smallDoses
74,42377,6.319522,1.058602,didntLike
75,25607,8.680527,0.086955,largeDoses
76,77450,14.856391,1.129823,didntLike
77,58732,2.454285,0.222380,didntLike
78,46426,7.292202,0.548607,largeDoses
79,32688,8.745137,0.857348,largeDoses
80,64890,8.579001,0.683048,didntLike
81,8554,2.507302,0.869177,smallDoses
82,28861,11.415476,1.505466,largeDoses
83,42050,4.838540,1.680892,didntLike
84,32193,10.339507,0.583646,largeDoses
85,64895,6.573742,1.151433,didntLike
86,2355,6.539397,0.462065,smallDoses
87,0,2.209159,0.723567,smallDoses
88,70406,11.196378,0.836326,didntLike
89,57399,4.229595,0.128253,didntLike
90,41732,9.505944,0.005273,largeDoses
91,11429,8.652725,1.348934,largeDoses
92,75270,17.101108,0.490712,didntLike
93,5459,7.871839,0.717662,smallDoses
94,73520,8.262131,1.361646,didntLike
95,40279,9.015635,1.658555,largeDoses
96,21540,9.215351,0.806762,largeDoses
97,17694,6.375007,0.033678,smallDoses
98,22329,2.262014,1.022169,didntLike
99,46570,5.677110,0.709469,didntLike
100,42403,11.293017,0.207976,largeDoses
101,33654,6.590043,1.353117,didntLike
102,9171,4.711960,0.194167,smallDoses
103,28122,8.768099,1.108041,largeDoses
104,34095,11.502519,0.545097,largeDoses
105,1774,4.682812,0.578112,smallDoses
106,40131,12.446578,0.300754,largeDoses
107,13994,12.908384,1.657722,largeDoses
108,77064,12.601108,0.974527,didntLike
109,11210,3.929456,0.025466,smallDoses
110,6122,9.751503,1.182050,largeDoses
111,15341,3.043767,0.888168,smallDoses
112,44373,4.391522,0.807100,didntLike
113,28454,11.695276,0.679015,largeDoses
114,63771,7.879742,0.154263,didntLike
115,9217,5.613163,0.933632,smallDoses
116,69076,9.140172,0.851300,didntLike
117,24489,4.258644,0.206892,didntLike
118,16871,6.799831,1.221171,smallDoses
119,39776,8.752758,0.484418,largeDoses
120,5901,1.123033,1.180352,smallDoses
121,40987,10.833248,1.585426,largeDoses
122,7479,3.051618,0.026781,smallDoses
123,38768,5.308409,0.030683,largeDoses
124,4933,1.841792,0.028099,smallDoses
125,32311,2.261978,1.605603,didntLike
126,26501,11.573696,1.061347,largeDoses
127,37433,8.038764,1.083910,largeDoses
128,23503,10.734007,0.103715,largeDoses
129,68607,9.661909,0.350772,didntLike
130,27742,9.005850,0.548737,largeDoses
131,11303,0.000000,0.539131,smallDoses
132,0,5.757140,1.062373,smallDoses
133,32729,9.164656,1.624565,largeDoses
134,24619,1.318340,1.436243,didntLike
135,42414,14.075597,0.695934,largeDoses
136,20210,10.107550,1.308398,largeDoses
137,33225,7.960293,1.219760,largeDoses
138,54483,6.317292,0.018209,didntLike
139,18475,12.664194,0.595653,largeDoses
140,33926,2.906644,0.581657,didntLike
141,43865,2.388241,0.913938,didntLike
142,26547,6.024471,0.486215,largeDoses
143,44404,7.226764,1.255329,largeDoses
144,16674,4.183997,1.275290,smallDoses
145,8123,11.850211,1.096981,largeDoses
146,42747,11.661797,1.167935,largeDoses
147,56054,3.574967,0.494666,didntLike
148,10933,0.000000,0.107475,smallDoses
149,18121,7.937657,0.904799,largeDoses
150,11272,3.365027,1.014085,smallDoses
151,16297,0.000000,0.367491,smallDoses
152,28168,13.860672,1.293270,largeDoses
153,40963,10.306714,1.211594,largeDoses
154,31685,7.228002,0.670670,largeDoses
155,55164,4.508740,1.036192,didntLike
156,17595,0.366328,0.163652,smallDoses
157,1862,3.299444,0.575152,smallDoses
158,57087,0.573287,0.607915,didntLike
159,63082,9.183738,0.012280,didntLike
160,51213,7.842646,1.060636,largeDoses
161,6487,4.750964,0.558240,smallDoses
162,4805,11.438702,1.556334,largeDoses
163,30302,8.243063,1.122768,largeDoses
164,68680,7.949017,0.271865,didntLike
165,17591,7.875477,0.227085,smallDoses
166,74391,9.569087,0.364856,didntLike
167,37217,7.750103,0.869094,largeDoses
168,42814,0.000000,1.515293,didntLike
169,14738,3.396030,0.633977,smallDoses
170,19896,11.916091,0.025294,largeDoses
171,14673,0.460758,0.689586,smallDoses
172,32011,13.087566,0.476002,largeDoses
173,58736,4.589016,1.672600,didntLike
174,54744,8.397217,1.534103,didntLike
175,29482,5.562772,1.689388,didntLike
176,27698,10.905159,0.619091,largeDoses
177,11443,1.311441,1.169887,smallDoses
178,56117,10.647170,0.980141,largeDoses
179,39514,0.000000,0.481918,didntLike
180,26627,8.503025,0.830861,largeDoses
181,16525,0.436880,1.395314,smallDoses
182,24368,6.127867,1.102179,didntLike
183,22160,12.112492,0.359680,largeDoses
184,6030,1.264968,1.141582,smallDoses
185,6468,6.067568,1.327047,smallDoses
186,22945,8.010964,1.681648,largeDoses
187,18520,3.791084,0.304072,smallDoses
188,34914,11.773195,1.262621,largeDoses
189,6121,8.339588,1.443357,smallDoses
190,38063,2.563092,1.464013,didntLike
191,23410,5.954216,0.953782,didntLike
192,35073,9.288374,0.767318,largeDoses
193,52914,3.976796,1.043109,didntLike
194,16801,8.585227,1.455708,largeDoses
195,9533,1.271946,0.796506,smallDoses
196,16721,0.000000,0.242778,smallDoses
197,5832,0.000000,0.089749,smallDoses
198,44591,11.521298,0.300860,largeDoses
199,10143,1.139447,0.415373,smallDoses
200,21609,5.699090,1.391892,smallDoses
201,23817,2.449378,1.322560,didntLike
202,15640,0.000000,1.228380,smallDoses
203,8847,3.168365,0.053993,smallDoses
204,50939,10.428610,1.126257,largeDoses
205,28521,2.943070,1.446816,didntLike
206,32901,10.441348,0.975283,largeDoses
207,42850,12.478764,1.628726,largeDoses
208,13499,5.856902,0.363883,smallDoses
209,40345,2.476420,0.096075,didntLike
210,43547,1.826637,0.811457,didntLike
211,70758,4.324451,0.328235,didntLike
212,19780,1.376085,1.178359,smallDoses
213,44484,5.342462,0.394527,didntLike
214,54462,11.835521,0.693301,largeDoses
215,20085,12.423687,1.424264,largeDoses
216,42291,12.161273,0.071131,largeDoses
217,47550,8.148360,1.649194,largeDoses
218,11938,1.531067,1.549756,smallDoses
219,40699,3.200912,0.309679,didntLike
220,70908,8.862691,0.530506,didntLike
221,73989,6.370551,0.369350,didntLike
222,11872,2.468841,0.145060,smallDoses
223,48463,11.054212,0.141508,largeDoses
224,15987,2.037080,0.715243,smallDoses
225,70036,13.364030,0.549972,didntLike
226,32967,10.249135,0.192735,largeDoses
227,63249,10.464252,1.669767,didntLike
228,42795,9.424574,0.013725,largeDoses
229,14459,4.458902,0.268444,smallDoses
230,19973,0.000000,0.575976,smallDoses
231,5494,9.686082,1.029808,largeDoses
232,67902,13.649402,1.052618,didntLike
233,25621,13.181148,0.273014,largeDoses
234,27545,3.877472,0.401600,didntLike
235,58656,1.413952,0.451380,didntLike
236,7327,4.248986,1.430249,smallDoses
237,64555,8.779183,0.845947,didntLike
238,8998,4.156252,0.097109,smallDoses
239,11752,5.580018,0.158401,smallDoses
240,76319,15.040440,1.366898,didntLike
241,27665,12.793870,1.307323,largeDoses
242,67417,3.254877,0.669546,didntLike
243,21808,10.725607,0.588588,largeDoses
244,15326,8.256473,0.765891,smallDoses
245,20057,8.033892,1.618562,largeDoses
246,79341,10.702532,0.204792,didntLike
247,15636,5.062996,1.132555,smallDoses
248,35602,10.772286,0.668721,largeDoses
249,28544,1.892354,0.837028,didntLike
250,57663,1.019966,0.372320,didntLike
251,78727,15.546043,0.729742,didntLike
252,68255,11.638205,0.409125,didntLike
253,14964,3.427886,0.975616,smallDoses
254,21835,11.246174,1.475586,largeDoses
255,7487,0.000000,0.645045,smallDoses
256,8700,0.000000,1.424017,smallDoses
257,26226,8.242553,0.279069,largeDoses
258,65899,8.700060,0.101807,didntLike
259,6543,0.812344,0.260334,smallDoses
260,46556,2.448235,1.176829,didntLike
261,71038,13.230078,0.616147,didntLike
262,47657,0.236133,0.340840,didntLike
263,19600,11.155826,0.335131,largeDoses
264,37422,11.029636,0.505769,largeDoses
265,1363,2.901181,1.646633,smallDoses
266,26535,3.924594,1.143120,didntLike
267,47707,2.524806,1.292848,didntLike
268,38055,3.527474,1.449158,didntLike
269,6286,3.384281,0.889268,smallDoses
270,10747,0.000000,1.107592,smallDoses
271,44883,11.898890,0.406441,largeDoses
272,56823,3.529892,1.375844,didntLike
273,68086,11.442677,0.696919,didntLike
274,70242,10.308145,0.422722,didntLike
275,11409,8.540529,0.727373,smallDoses
276,67671,7.156949,1.691682,didntLike
277,61238,0.720675,0.847574,didntLike
278,17774,0.229405,1.038603,smallDoses
279,53376,3.399331,0.077501,didntLike
280,30930,6.157239,0.580133,didntLike
281,28987,1.239698,0.719989,didntLike
282,13655,6.036854,0.016548,smallDoses
283,7227,5.258665,0.933722,smallDoses
284,40409,12.393001,1.571281,largeDoses
285,13605,9.627613,0.935842,smallDoses
286,26400,11.130453,0.597610,largeDoses
287,13491,8.842595,0.349768,largeDoses
288,30232,10.690010,1.456595,largeDoses
289,43253,5.714718,1.674780,largeDoses
290,55536,3.052505,1.335804,didntLike
291,8807,0.000000,0.059025,smallDoses
292,25783,9.945307,1.287952,largeDoses
293,22812,2.719723,1.142148,didntLike
294,77826,11.154055,1.608486,didntLike
295,38172,2.687918,0.660836,didntLike
296,31676,10.037847,0.962245,largeDoses
297,74038,12.404762,1.112080,didntLike
298,44738,10.237305,0.633422,largeDoses
299,17410,4.745392,0.662520,smallDoses
300,5688,4.639461,1.569431,smallDoses
301,36642,3.149310,0.639669,didntLike
302,29956,13.406875,1.639194,largeDoses
303,60350,6.068668,0.881241,didntLike
304,23758,9.477022,0.899002,largeDoses
305,25780,3.897620,0.560201,smallDoses
306,11342,5.463615,1.203677,smallDoses
307,36109,3.369267,1.575043,didntLike
308,14292,5.234562,0.825954,smallDoses
309,11160,0.000000,0.722170,smallDoses
310,23762,12.979069,0.504068,largeDoses
311,39567,5.376564,0.557476,didntLike
312,25647,13.527910,1.586732,largeDoses
313,14814,2.196889,0.784587,smallDoses
314,73590,10.691748,0.007509,didntLike
315,35187,1.659242,0.447066,didntLike
316,49459,8.369667,0.656697,largeDoses
317,31657,13.157197,0.143248,largeDoses
318,6259,8.199667,0.908508,smallDoses
319,33101,4.441669,0.439381,largeDoses
320,27107,9.846492,0.644523,largeDoses
321,17824,0.019540,0.977949,smallDoses
322,43536,8.253774,0.748700,largeDoses
323,67705,6.038620,1.509646,didntLike
324,35283,6.091587,1.694641,largeDoses
325,71308,8.986820,1.225165,didntLike
326,31054,11.508473,1.624296,largeDoses
327,52387,8.807734,0.713922,largeDoses
328,40328,0.000000,0.816676,didntLike
329,34844,8.889202,1.665414,largeDoses
330,11607,3.178117,0.542752,smallDoses
331,64306,7.013795,0.139909,didntLike
332,32721,9.605014,0.065254,largeDoses
333,33170,1.230540,1.331674,didntLike
334,37192,10.412811,0.890803,largeDoses
335,13089,0.000000,0.567161,smallDoses
336,66491,9.699991,0.122011,didntLike
337,15941,0.000000,0.061191,smallDoses
338,4272,4.455293,0.272135,smallDoses
339,48812,3.020977,1.502803,didntLike
340,28818,8.099278,0.216317,largeDoses
341,35394,1.157764,1.603217,didntLike
342,71791,10.105396,0.121067,didntLike
343,40668,11.230148,0.408603,largeDoses
344,39580,9.070058,0.011379,largeDoses
345,11786,0.566460,0.478837,smallDoses
346,19251,0.000000,0.487300,smallDoses
347,56594,8.956369,1.193484,largeDoses
348,54495,1.523057,0.620528,didntLike
349,11844,2.749006,0.169855,smallDoses
350,45465,9.235393,0.188350,largeDoses
351,31033,10.555573,0.403927,largeDoses
352,16633,6.956372,1.519308,smallDoses
353,13887,0.636281,1.273984,smallDoses
354,52603,3.574737,0.075163,didntLike
355,72000,9.032486,1.461809,didntLike
356,68497,5.958993,0.023012,didntLike
357,35135,2.435300,1.211744,didntLike
358,26397,10.539731,1.638248,largeDoses
359,7313,7.646702,0.056513,smallDoses
360,91273,20.919349,0.644571,didntLike
361,24743,1.424726,0.838447,didntLike
362,31690,6.748663,0.890223,largeDoses
363,15432,2.289167,0.114881,smallDoses
364,58394,5.548377,0.402238,didntLike
365,33962,6.057227,0.432666,didntLike
366,31442,10.828595,0.559955,largeDoses
367,31044,11.318160,0.271094,largeDoses
368,29938,13.265311,0.633903,largeDoses
369,9875,0.000000,1.496715,smallDoses
370,51542,6.517133,0.402519,largeDoses
371,11878,4.934374,1.520028,smallDoses
372,69241,10.151738,0.896433,didntLike
373,37776,2.425781,1.559467,didntLike
374,68997,9.778962,1.195498,didntLike
375,67416,12.219950,0.657677,didntLike
376,59225,7.394151,0.954434,didntLike
377,29138,8.518535,0.742546,largeDoses
378,5962,2.798700,0.662632,smallDoses
379,10847,0.637930,0.617373,smallDoses
380,70527,10.750490,0.097415,didntLike
381,9610,0.625382,0.140969,smallDoses
382,64734,10.027968,0.282787,didntLike
383,25941,9.817347,0.364197,largeDoses
384,2763,0.646828,1.266069,smallDoses
385,55601,3.347111,0.914294,didntLike
386,31128,11.816892,0.193798,largeDoses
387,5181,0.000000,1.480198,smallDoses
388,69982,10.945666,0.993219,didntLike
389,52440,10.244706,0.280539,largeDoses
390,57350,2.579801,1.149172,didntLike
391,57869,2.630410,0.098869,didntLike
392,56557,11.746200,1.695517,largeDoses
393,42342,8.104232,1.326277,largeDoses
394,15560,12.409743,0.790295,largeDoses
395,34826,12.167844,1.328086,largeDoses
396,8569,3.198408,0.299287,smallDoses
397,77623,16.055513,0.541052,didntLike
398,78184,7.138659,0.158481,didntLike
399,7036,4.831041,0.761419,smallDoses
400,69616,10.082890,1.373611,didntLike
401,21546,10.066867,0.788470,largeDoses
402,36715,8.129538,0.329913,largeDoses
403,20522,3.012463,1.138108,smallDoses
404,42349,3.720391,0.845974,didntLike
405,9037,0.773493,1.148256,smallDoses
406,26728,10.962941,1.037324,largeDoses
407,587,0.177621,0.162614,smallDoses
408,48915,3.085853,0.967899,didntLike
409,9824,8.426781,0.202558,smallDoses
410,4135,1.825927,1.128347,smallDoses
411,9666,2.185155,1.010173,smallDoses
412,59333,7.184595,1.261338,didntLike
413,36198,0.000000,0.116525,didntLike
414,34909,8.901752,1.033527,largeDoses
415,47516,2.451497,1.358795,didntLike
416,55807,3.213631,0.432044,didntLike
417,14036,3.974739,0.723929,smallDoses
418,42856,9.601306,0.619232,largeDoses
419,64007,8.363897,0.445341,didntLike
420,59428,6.381484,1.365019,didntLike
421,13730,0.000000,1.403914,smallDoses
422,41740,9.609836,1.438105,largeDoses
423,63546,9.904741,0.985862,didntLike
424,30417,7.185807,1.489102,largeDoses
425,69636,5.466703,1.216571,didntLike
426,64660,0.000000,0.915898,didntLike
427,14883,4.575443,0.535671,smallDoses
428,7965,3.277076,1.010868,smallDoses
429,68620,10.246623,1.239634,didntLike
430,8738,2.341735,1.060235,smallDoses
431,7544,3.201046,0.498843,smallDoses
432,6377,6.066013,0.120927,smallDoses
433,36842,8.829379,0.895657,largeDoses
434,81046,15.833048,1.568245,didntLike
435,67736,13.516711,1.220153,didntLike
436,32492,0.664284,1.116755,didntLike
437,39299,6.325139,0.605109,largeDoses
438,77289,8.677499,0.344373,didntLike
439,33835,8.188005,0.964896,largeDoses
440,71890,9.414263,0.384030,didntLike
441,32054,9.196547,1.138253,largeDoses
442,38579,10.202968,0.452363,largeDoses
443,55984,2.119439,1.481661,didntLike
444,72694,13.635078,0.858314,didntLike
445,42299,0.083443,0.701669,didntLike
446,26635,9.149096,1.051446,largeDoses
447,8579,1.933803,1.374388,smallDoses
448,37302,14.115544,0.676198,largeDoses
449,22878,8.933736,0.943352,largeDoses
450,4364,2.661254,0.946117,smallDoses
451,4985,0.988432,1.305027,smallDoses
452,37068,2.063741,1.125946,didntLike
453,41137,2.220590,0.690754,didntLike
454,67759,6.424849,0.806641,didntLike
455,11831,1.156153,1.613674,smallDoses
456,34502,3.032720,0.601847,didntLike
457,4088,3.076828,0.952089,smallDoses
458,15199,0.000000,0.318105,smallDoses
459,17309,7.750480,0.554015,largeDoses
460,42816,10.958135,1.482500,largeDoses
461,43751,10.222018,0.488678,largeDoses
462,58335,2.367988,0.435741,didntLike
463,75039,7.686054,1.381455,didntLike
464,42878,11.464879,1.481589,largeDoses
465,42770,11.075735,0.089726,largeDoses
466,8848,3.543989,0.345853,smallDoses
467,31340,8.123889,1.282880,largeDoses
468,41413,4.331769,0.754467,largeDoses
469,12731,0.120865,1.211961,smallDoses
470,22447,6.116109,0.701523,largeDoses
471,33564,7.474534,0.505790,largeDoses
472,48907,8.819454,0.649292,largeDoses
473,8762,6.802144,0.615284,smallDoses
474,46696,12.666325,0.931960,largeDoses
475,36851,8.636180,0.399333,largeDoses
476,67639,11.730991,1.289833,didntLike
477,171,8.132449,0.039062,smallDoses
478,26674,10.296589,1.496144,largeDoses
479,8739,7.583906,1.005764,smallDoses
480,66668,9.777806,0.496377,didntLike
481,68732,8.833546,0.513876,didntLike
482,69995,4.907899,1.518036,didntLike
483,82008,8.362736,1.285939,didntLike
484,25054,9.084726,1.606312,largeDoses
485,33085,14.164141,0.560970,largeDoses
486,41379,9.080683,0.989920,largeDoses
487,39417,6.522767,0.038548,largeDoses
488,12556,3.690342,0.462281,smallDoses
489,39432,3.563706,0.242019,didntLike
490,38010,1.065870,1.141569,didntLike
491,69306,6.683796,1.456317,didntLike
492,38000,1.712874,0.243945,didntLike
493,46321,13.109929,1.280111,largeDoses
494,66293,11.327910,0.780977,didntLike
495,22730,4.545711,1.233254,didntLike
496,5952,3.367889,0.468104,smallDoses
497,72308,8.326224,0.567347,didntLike
498,60338,8.978339,1.442034,didntLike
499,13301,5.655826,1.582159,smallDoses
500,27884,8.855312,0.570684,largeDoses
501,11188,6.649568,0.544233,smallDoses
502,56796,3.966325,0.850410,didntLike
503,8571,1.924045,1.664782,smallDoses
504,4914,6.004812,0.280369,smallDoses
505,10784,0.000000,0.375849,smallDoses
506,39296,9.923018,0.092192,largeDoses
507,13113,2.389084,0.119284,smallDoses
508,70204,13.663189,0.133251,didntLike
509,46813,11.434976,0.321216,largeDoses
510,11697,0.358270,1.292858,smallDoses
511,44183,9.598873,0.223524,largeDoses
512,2225,6.375275,0.608040,smallDoses
513,29066,11.580532,0.458401,largeDoses
514,4245,5.319324,1.598070,smallDoses
515,34379,4.324031,1.603481,didntLike
516,44441,2.358370,1.273204,didntLike
517,2022,0.000000,1.182708,smallDoses
518,26866,12.824376,0.890411,largeDoses
519,57070,1.587247,1.456982,didntLike
520,32932,8.510324,1.520683,largeDoses
521,51967,10.428884,1.187734,largeDoses
522,44432,8.346618,0.042318,largeDoses
523,67066,7.541444,0.809226,didntLike
524,17262,2.540946,1.583286,smallDoses
525,79728,9.473047,0.692513,didntLike
526,14259,0.352284,0.474080,smallDoses
527,6122,0.000000,0.589826,smallDoses
528,76879,12.405171,0.567201,didntLike
529,11426,4.126775,0.871452,smallDoses
530,2493,0.034087,0.335848,smallDoses
531,19910,1.177634,0.075106,smallDoses
532,10939,0.000000,0.479996,smallDoses
533,17716,0.994909,0.611135,smallDoses
534,31390,11.053664,1.180117,largeDoses
535,20375,0.000000,1.679729,smallDoses
536,26309,2.495011,1.459589,didntLike
537,33484,11.516831,0.001156,largeDoses
538,45944,9.213215,0.797743,largeDoses
539,4249,5.332865,0.109288,smallDoses
540,6089,0.000000,1.689771,smallDoses
541,7513,0.000000,1.126053,smallDoses
542,27862,12.640062,1.690903,largeDoses
543,39038,2.693142,1.317518,didntLike
544,19218,3.328969,0.268271,smallDoses
545,62911,7.193166,1.117456,didntLike
546,77758,6.615512,1.521012,didntLike
547,27940,8.000567,0.835341,largeDoses
548,2194,4.017541,0.512104,smallDoses
549,37072,13.245859,0.927465,largeDoses
550,15585,5.970616,0.813624,smallDoses
551,25577,11.668719,0.886902,largeDoses
552,8777,4.283237,1.272728,smallDoses
553,29016,10.742963,0.971401,largeDoses
554,21910,12.326672,1.592608,largeDoses
555,12916,0.000000,0.344622,smallDoses
556,10976,0.000000,0.922846,smallDoses
557,79065,10.602095,0.573686,didntLike
558,36759,10.861859,1.155054,largeDoses
559,50011,1.229094,1.638690,didntLike
560,1155,0.410392,1.313401,smallDoses
561,71600,14.552711,0.616162,didntLike
562,30817,14.178043,0.616313,largeDoses
563,54559,14.136260,0.362388,didntLike
564,29764,0.093534,1.207194,didntLike
565,69100,10.929021,0.403110,didntLike
566,47324,11.432919,0.825959,largeDoses
567,73199,9.134527,0.586846,didntLike
568,44461,5.071432,1.421420,didntLike
569,45617,11.460254,1.541749,largeDoses
570,28221,11.620039,1.103553,largeDoses
571,7091,4.022079,0.207307,smallDoses
572,6110,3.057842,1.631262,smallDoses
573,79016,7.782169,0.404385,didntLike
574,18289,7.981741,0.929789,largeDoses
575,43679,4.601363,0.268326,didntLike
576,22075,2.595564,1.115375,didntLike
577,23535,10.049077,0.391045,largeDoses
578,25301,3.265444,1.572970,smallDoses
579,32256,11.780282,1.511014,largeDoses
580,36951,3.075975,0.286284,didntLike
581,31290,1.795307,0.194343,didntLike
582,38953,11.106979,0.202415,largeDoses
583,35257,5.994413,0.800021,didntLike
584,25847,9.706062,1.012182,largeDoses
585,32680,10.582992,0.836025,largeDoses
586,62018,7.038266,1.458979,didntLike
587,9074,0.023771,0.015314,smallDoses
588,33004,12.823982,0.676371,largeDoses
589,44588,3.617770,0.493483,didntLike
590,32565,8.346684,0.253317,largeDoses
591,38563,6.104317,0.099207,didntLike
592,75668,16.207776,0.584973,didntLike
593,9069,6.401969,1.691873,smallDoses
594,53395,2.298696,0.559757,didntLike
595,28631,7.661515,0.055981,largeDoses
596,71036,6.353608,1.645301,didntLike
597,71142,10.442780,0.335870,didntLike
598,37653,3.834509,1.346121,didntLike
599,76839,10.998587,0.584555,didntLike
600,9916,2.695935,1.512111,smallDoses
601,38889,3.356646,0.324230,didntLike
602,39075,14.677836,0.793183,largeDoses
603,48071,1.551934,0.130902,didntLike
604,7275,2.464739,0.223502,smallDoses
605,41804,1.533216,1.007481,didntLike
606,35665,12.473921,0.162910,largeDoses
607,67956,6.491596,0.032576,didntLike
608,41892,10.506276,1.510747,largeDoses
609,38844,4.380388,0.748506,didntLike
610,74197,13.670988,1.687944,didntLike
611,14201,8.317599,0.390409,smallDoses
612,3908,0.000000,0.556245,smallDoses
613,2459,0.000000,0.290218,smallDoses
614,32027,10.095799,1.188148,largeDoses
615,12870,0.860695,1.482632,smallDoses
616,9880,1.557564,0.711278,smallDoses
617,72784,10.072779,0.756030,didntLike
618,17521,0.000000,0.431468,smallDoses
619,50283,7.140817,0.883813,largeDoses
620,33536,11.384548,1.438307,largeDoses
621,9452,3.214568,1.083536,smallDoses
622,37457,11.720655,0.301636,largeDoses
623,17724,6.374475,1.475925,largeDoses
624,43869,5.749684,0.198875,largeDoses
625,264,3.871808,0.552602,smallDoses
626,25736,8.336309,0.636238,largeDoses
627,39584,9.710442,1.503735,largeDoses
628,31246,1.532611,1.433898,didntLike
629,49567,9.785785,0.984614,largeDoses
630,7052,2.633627,1.097866,smallDoses
631,35493,9.238935,0.494701,largeDoses
632,10986,1.205656,1.398803,smallDoses
633,49508,3.124909,1.670121,didntLike
634,5734,7.935489,1.585044,smallDoses
635,65479,12.746636,1.560352,didntLike
636,77268,10.732563,0.545321,didntLike
637,28490,3.977403,0.766103,didntLike
638,13546,4.194426,0.450663,smallDoses
639,37166,9.610286,0.142912,largeDoses
640,16381,4.797555,1.260455,smallDoses
641,10848,1.615279,0.093002,smallDoses
642,35405,4.614771,1.027105,didntLike
643,15917,0.000000,1.369726,smallDoses
644,6131,0.608457,0.512220,smallDoses
645,67432,6.558239,0.667579,didntLike
646,30354,12.315116,0.197068,largeDoses
647,69696,7.014973,1.494616,didntLike
648,33481,8.822304,1.194177,largeDoses
649,43075,10.086796,0.570455,largeDoses
650,38343,7.241614,1.661627,largeDoses
651,14318,4.602395,1.511768,smallDoses
652,5367,7.434921,0.079792,smallDoses
653,37894,10.467570,1.595418,largeDoses
654,36172,9.948127,0.003663,largeDoses
655,40123,2.478529,1.568987,didntLike
656,10976,5.938545,0.878540,smallDoses
657,12705,0.000000,0.948004,smallDoses
658,12495,5.559181,1.357926,smallDoses
659,35681,9.776654,0.535966,largeDoses
660,46202,3.092056,0.490906,didntLike
661,11505,0.000000,1.623311,smallDoses
662,22834,4.459495,0.538867,didntLike
663,49901,8.334306,1.646600,largeDoses
664,71932,11.226654,0.384686,didntLike
665,13279,3.904737,1.597294,smallDoses
666,49112,7.038205,1.211329,largeDoses
667,77129,9.836120,1.054340,didntLike
668,37447,1.990976,0.378081,didntLike
669,62397,9.005302,0.485385,didntLike
670,0,1.772510,1.039873,smallDoses
671,15476,0.458674,0.819560,smallDoses
672,40625,10.003919,0.231658,largeDoses
673,36706,0.520807,1.476008,didntLike
674,28580,10.678214,1.431837,largeDoses
675,25862,4.425992,1.363842,didntLike
676,63488,12.035355,0.831222,didntLike
677,33944,10.606732,1.253858,largeDoses
678,30099,1.568653,0.684264,didntLike
679,13725,2.545434,0.024271,smallDoses
680,36768,10.264062,0.982593,largeDoses
681,64656,9.866276,0.685218,didntLike
682,14927,0.142704,0.057455,smallDoses
683,43231,9.853270,1.521432,largeDoses
684,66087,6.596604,1.653574,didntLike
685,19806,2.602287,1.321481,smallDoses
686,41081,10.411776,0.664168,largeDoses
687,10277,7.083449,0.622589,smallDoses
688,7014,2.080068,1.254441,smallDoses
689,17275,0.522844,1.622458,smallDoses
690,31600,10.362000,1.544827,largeDoses
691,59956,3.412967,1.035410,didntLike
692,42181,6.796548,1.112153,largeDoses
693,51743,4.092035,0.075804,didntLike
694,5194,2.763811,1.564325,smallDoses
695,30832,12.547439,1.402443,largeDoses
696,7976,5.708052,1.596152,smallDoses
697,14602,4.558025,0.375806,smallDoses
698,41571,11.642307,0.438553,largeDoses
699,55028,3.222443,0.121399,didntLike
700,5837,4.736156,0.029871,smallDoses
701,39808,10.839526,0.836323,largeDoses
702,20944,4.194791,0.235483,smallDoses
703,22146,14.936259,0.888582,largeDoses
704,42169,3.310699,1.521855,didntLike
705,7010,2.971931,0.034321,smallDoses
706,3807,9.261667,0.537807,smallDoses
707,29241,7.791833,1.111416,largeDoses
708,52696,1.480470,1.028750,didntLike
709,42545,3.677287,0.244167,didntLike
710,24437,2.202967,1.370399,didntLike
711,16037,5.796735,0.935893,smallDoses
712,8493,3.063333,0.144089,smallDoses
713,68080,11.233094,0.492487,didntLike
714,59016,1.965570,0.005697,didntLike
715,11810,8.616719,0.137419,smallDoses
716,68630,6.609989,1.083505,didntLike
717,7629,1.712639,1.086297,smallDoses
718,71992,10.117445,1.299319,didntLike
719,13398,0.000000,1.104178,smallDoses
720,26241,9.824777,1.346821,largeDoses
721,11160,1.653089,0.980949,smallDoses
722,76701,18.178822,1.473671,didntLike
723,32174,6.781126,0.885340,largeDoses
724,45043,8.206750,1.549223,largeDoses
725,42173,10.081853,1.376745,largeDoses
726,69801,6.288742,0.112799,didntLike
727,41737,3.695937,1.543589,didntLike
728,46979,6.726151,1.069380,largeDoses
729,79267,12.969999,1.568223,didntLike
730,4615,2.661390,1.531933,smallDoses
731,32907,7.072764,1.117386,largeDoses
732,37444,9.123366,1.318988,largeDoses
733,569,3.743946,1.039546,smallDoses
734,8723,2.341300,0.219361,smallDoses
735,6024,0.541913,0.592348,smallDoses
736,52252,2.310828,1.436753,didntLike
737,8358,6.226597,1.427316,smallDoses
738,26166,7.277876,0.489252,largeDoses
739,18471,0.000000,0.389459,smallDoses
740,3386,7.218221,1.098828,smallDoses
741,41544,8.777129,1.111464,largeDoses
742,10480,2.813428,0.819419,smallDoses
743,5894,2.268766,1.412130,smallDoses
744,7273,6.283627,0.571292,smallDoses
745,22272,7.520081,1.626868,largeDoses
746,31369,11.739225,0.027138,largeDoses
747,10708,3.746883,0.877350,smallDoses
748,69364,12.089835,0.521631,didntLike
749,37760,12.310404,0.259339,largeDoses
750,13004,0.000000,0.671355,smallDoses
751,37885,2.728800,0.331502,didntLike
752,52555,10.814342,0.607652,largeDoses
753,38997,12.170268,0.844205,largeDoses
754,69698,6.698371,0.240084,didntLike
755,11783,3.632672,1.643479,smallDoses
756,47636,10.059991,0.892361,largeDoses
757,15744,1.887674,0.756162,smallDoses
758,69058,8.229125,0.195886,didntLike
759,33057,7.817082,0.476102,largeDoses
760,28681,12.277230,0.076805,largeDoses
761,34042,10.055337,1.115778,largeDoses
762,29928,3.596002,1.485952,didntLike
763,9734,2.755530,1.420655,smallDoses
764,7344,7.780991,0.513048,smallDoses
765,7387,0.093705,0.391834,smallDoses
766,33957,8.481567,0.520078,largeDoses
767,9936,3.865584,0.110062,smallDoses
768,36094,9.683709,0.779984,largeDoses
769,39835,10.617255,1.359970,largeDoses
770,64486,7.203216,1.624762,didntLike
771,0,7.601414,1.215605,smallDoses
772,39539,1.386107,1.417070,didntLike
773,66972,9.129253,0.594089,didntLike
774,15029,1.363447,0.620841,smallDoses
775,44909,3.181399,0.359329,didntLike
776,38183,13.365414,0.217011,largeDoses
777,37372,4.207717,1.289767,didntLike
778,0,4.088395,0.870075,smallDoses
779,17786,3.327371,1.142505,smallDoses
780,39055,1.303323,1.235650,didntLike
781,37045,7.999279,1.581763,largeDoses
782,6435,2.217488,0.864536,smallDoses
783,72265,7.751808,0.192451,didntLike
784,28152,14.149305,1.591532,largeDoses
785,25931,8.765721,0.152808,largeDoses
786,7538,3.408996,0.184896,smallDoses
787,1315,1.251021,0.112340,smallDoses
788,12292,6.160619,1.537165,smallDoses
789,49248,1.034538,1.585162,didntLike
790,9025,0.000000,1.034635,smallDoses
791,13438,2.355051,0.542603,smallDoses
792,69683,6.614543,0.153771,didntLike
793,25374,10.245062,1.450903,largeDoses
794,55264,3.467074,1.231019,didntLike
795,38324,7.487678,1.572293,largeDoses
796,69643,4.624115,1.185192,didntLike
797,44058,8.995957,1.436479,largeDoses
798,41316,11.564476,0.007195,largeDoses
799,29119,3.440948,0.078331,didntLike
800,51656,1.673603,0.732746,didntLike
801,3030,4.719341,0.699755,smallDoses
802,35695,10.304798,1.576488,largeDoses
803,1537,2.086915,1.199312,smallDoses
804,9083,6.338220,1.131305,smallDoses
805,47744,8.254926,0.710694,largeDoses
806,71372,16.067108,0.974142,didntLike
807,37980,1.723201,0.310488,didntLike
808,42385,3.785045,0.876904,didntLike
809,22687,2.557561,0.123738,didntLike
810,39512,9.852220,1.095171,largeDoses
811,11885,3.679147,1.557205,smallDoses
812,4944,9.789681,0.852971,smallDoses
813,73230,14.958998,0.526707,didntLike
814,17585,11.182148,1.288459,largeDoses
815,68737,7.528533,1.657487,didntLike
816,13818,5.253802,1.378603,smallDoses
817,31662,13.946752,1.426657,largeDoses
818,86686,15.557263,1.430029,didntLike
819,43214,12.483550,0.688513,largeDoses
820,24091,2.317302,1.411137,didntLike
821,52544,10.069724,0.766119,largeDoses
822,61861,5.792231,1.615483,didntLike
823,47903,4.138435,0.475994,didntLike
824,37190,12.929517,0.304378,largeDoses
825,6013,9.378238,0.307392,smallDoses
826,27223,8.361362,1.643204,largeDoses
827,69027,7.939406,1.325042,didntLike
828,78642,10.735384,0.705788,didntLike
829,30254,11.592723,0.286188,largeDoses
830,21704,10.098356,0.704748,largeDoses
831,34985,9.299025,0.545337,largeDoses
832,31316,11.158297,0.218067,largeDoses
833,76368,16.143900,0.558388,didntLike
834,27953,10.971700,1.221787,largeDoses
835,152,0.000000,0.681478,smallDoses
836,9146,3.178961,1.292692,smallDoses
837,75346,17.625350,0.339926,didntLike
838,26376,1.995833,0.267826,didntLike
839,35255,10.640467,0.416181,largeDoses
840,19198,9.628339,0.985462,largeDoses
841,12518,4.662664,0.495403,smallDoses
842,25453,5.754047,1.382742,smallDoses
843,12530,0.000000,0.037146,smallDoses
844,62230,9.334332,0.198118,didntLike
845,9517,3.846162,0.619968,smallDoses
846,71161,10.685084,0.678179,didntLike
847,1593,4.752134,0.359205,smallDoses
848,33794,0.697630,0.966786,didntLike
849,39710,10.365836,0.505898,largeDoses
850,16941,0.461478,0.352865,smallDoses
851,69209,11.339537,1.068740,didntLike
852,4446,5.420280,0.127310,smallDoses
853,9347,3.469955,1.619947,smallDoses
854,55635,8.517067,0.994858,largeDoses
855,65889,8.306512,0.413690,didntLike
856,10753,2.628690,0.444320,smallDoses
857,7055,0.000000,0.802985,smallDoses
858,7905,0.000000,1.170397,smallDoses
859,53447,7.298767,1.582346,largeDoses
860,9194,7.331319,1.277988,smallDoses
861,61914,9.392269,0.151617,didntLike
862,15630,5.541201,1.180596,smallDoses
863,79194,15.149460,0.537540,didntLike
864,12268,5.515189,0.250562,smallDoses
865,33682,7.728898,0.920494,largeDoses
866,26080,11.318785,1.510979,largeDoses
867,19119,3.574709,1.531514,smallDoses
868,30902,7.350965,0.026332,largeDoses
869,63039,7.122363,1.630177,didntLike
870,51136,1.828412,1.013702,didntLike
871,35262,10.117989,1.156862,largeDoses
872,42776,11.309897,0.086291,largeDoses
873,64191,8.342034,1.388569,didntLike
874,15436,0.241714,0.715577,smallDoses
875,14402,10.482619,1.694972,smallDoses
876,6341,9.289510,1.428879,smallDoses
877,14113,4.269419,0.134181,smallDoses
878,6390,0.000000,0.189456,smallDoses
879,8794,0.817119,0.143668,smallDoses
880,43432,1.508394,0.652651,didntLike
881,38334,9.359918,0.052262,largeDoses
882,34068,10.052333,0.550423,largeDoses
883,30819,11.111660,0.989159,largeDoses
884,22239,11.265971,0.724054,largeDoses
885,28725,10.383830,0.254836,largeDoses
886,57071,3.878569,1.377983,didntLike
887,72420,13.679237,0.025346,didntLike
888,28294,10.526846,0.781569,largeDoses
889,9896,0.000000,0.924198,smallDoses
890,65821,4.106727,1.085669,didntLike
891,7645,8.118856,1.470686,smallDoses
892,71289,7.796874,0.052336,didntLike
893,5128,2.789669,1.093070,smallDoses
894,13711,6.226962,0.287251,smallDoses
895,22240,10.169548,1.660104,largeDoses
896,15092,0.000000,1.370549,smallDoses
897,5017,7.513353,0.137348,smallDoses
898,10141,8.240793,0.099735,smallDoses
899,35570,14.612797,1.247390,largeDoses
900,46893,3.562976,0.445386,didntLike
901,8178,3.230482,1.331698,smallDoses
902,55783,3.612548,1.551911,didntLike
903,1148,0.000000,0.332365,smallDoses
904,10062,3.931299,0.487577,smallDoses
905,74124,14.752342,1.155160,didntLike
906,66603,10.261887,1.628085,didntLike
907,11893,2.787266,1.570402,smallDoses
908,50908,15.112319,1.324132,largeDoses
909,39891,5.184553,0.223382,largeDoses
910,65915,3.868359,0.128078,didntLike
911,65678,3.507965,0.028904,didntLike
912,62996,11.019254,0.427554,didntLike
913,36851,3.812387,0.655245,didntLike
914,36669,11.056784,0.378725,largeDoses
915,38876,8.826880,1.002328,largeDoses
916,26878,11.173861,1.478244,largeDoses
917,46246,11.506465,0.421993,largeDoses
918,12761,7.798138,0.147917,largeDoses
919,35282,10.155081,1.370039,largeDoses
920,68306,10.645275,0.693453,didntLike
921,31262,9.663200,1.521541,largeDoses
922,34754,10.790404,1.312679,largeDoses
923,13408,2.810534,0.219962,smallDoses
924,30365,9.825999,1.388500,largeDoses
925,10709,1.421316,0.677603,smallDoses
926,24332,11.123219,0.809107,largeDoses
927,45517,13.402206,0.661524,largeDoses
928,6178,1.212255,0.836807,smallDoses
929,10639,1.568446,1.297469,smallDoses
930,29613,3.343473,1.312266,didntLike
931,22392,5.400155,0.193494,didntLike
932,51126,3.818754,0.590905,didntLike
933,53644,7.973845,0.307364,largeDoses
934,51417,9.078824,0.734876,largeDoses
935,24859,0.153467,0.766619,didntLike
936,61732,8.325167,0.028479,didntLike
937,71128,7.092089,1.216733,didntLike
938,27276,5.192485,1.094409,largeDoses
939,30453,10.340791,1.087721,largeDoses
940,18670,2.077169,1.019775,smallDoses
941,70600,10.151966,0.993105,didntLike
942,12683,0.046826,0.809614,smallDoses
943,81597,11.221874,1.395015,didntLike
944,69959,14.497963,1.019254,didntLike
945,8124,3.554508,0.533462,smallDoses
946,18867,3.522673,0.086725,smallDoses
947,80886,14.531655,0.380172,didntLike
948,55895,3.027528,0.885457,didntLike
949,31587,1.845967,0.488985,didntLike
950,10591,10.226164,0.804403,largeDoses
951,70096,10.965926,1.212328,didntLike
952,53151,2.129921,1.477378,didntLike
953,11992,0.000000,1.606849,smallDoses
954,33114,9.489005,0.827814,largeDoses
955,7413,0.000000,1.020797,smallDoses
956,10583,0.000000,1.270167,smallDoses
957,58668,6.556676,0.055183,didntLike
958,35018,9.959588,0.060020,largeDoses
959,70843,7.436056,1.479856,didntLike
960,14011,0.404888,0.459517,smallDoses
961,35015,9.952942,1.650279,largeDoses
962,70839,15.600252,0.021935,didntLike
963,3024,2.723846,0.387455,smallDoses
964,5526,0.513866,1.323448,smallDoses
965,5113,0.000000,0.861859,smallDoses
966,20851,7.280602,1.438470,smallDoses
967,40999,9.161978,1.110180,largeDoses
968,15823,0.991725,0.730979,smallDoses
969,35432,7.398380,0.684218,largeDoses
970,53711,12.149747,1.389088,largeDoses
971,64371,9.149678,0.874905,didntLike
972,9289,9.666576,1.370330,smallDoses
973,60613,3.620110,0.287767,didntLike
974,18338,5.238800,1.253646,smallDoses
975,22845,14.715782,1.503758,largeDoses
976,74676,14.445740,1.211160,didntLike
977,34143,13.609528,0.364240,largeDoses
978,14153,3.141585,0.424280,smallDoses
979,9327,0.000000,0.120947,smallDoses
980,18991,0.454750,1.033280,smallDoses
981,9193,0.510310,0.016395,smallDoses
982,2285,3.864171,0.616349,smallDoses
983,9493,6.724021,0.563044,smallDoses
984,2371,4.289375,0.012563,smallDoses
985,13963,0.000000,1.437030,smallDoses
986,2299,3.733617,0.698269,smallDoses
987,5262,2.002589,1.380184,smallDoses
988,4659,2.502627,0.184223,smallDoses
989,17582,6.382129,0.876581,smallDoses
990,27750,8.546741,0.128706,largeDoses
991,9868,2.694977,0.432818,smallDoses
992,18333,3.951256,0.333300,smallDoses
993,3780,9.856183,0.329181,smallDoses
994,18190,2.068962,0.429927,smallDoses
995,11145,3.410627,0.631838,smallDoses
996,68846,9.974715,0.669787,didntLike
997,26575,10.650102,0.866627,largeDoses
998,48111,9.134528,0.728045,largeDoses
999,43757,7.882601,1.332446,largeDoses
